No of employee,Annual turnover,TCTC,Basic Salary,Cash Injection,Contrib Waiver,Affected Employee
1,1500000.0,3000.0,3000.0,1,1,1
9,0.0,0.0,0.0,0,0,1
16,0.0,1500.0,1500.0,1,0,1
2,36000.0,3600.0,3600.0,0,0,1
16,798783.03,9848.22,9880.0,1,1,1
2,427080.0,0.0,35590.0,0,0,1
1,100000.0,100000.0,3000.0,1,1,1
3,1851870.4,0.0,27731.0,1,0,1
12,70000.0,2000.0,1300.0,1,1,1
15,0.0,0.0,0.0,0,0,1
3,0.0,8000.0,8400.0,0,1,1
1,443122.0,15860.0,13840.0,1,1,1
4,225000.0,6000.0,6000.0,0,1,1
1,300000.0,54000.0,4500.0,0,0,1
11,18000.0,36000.0,1500.0,1,0,1
14,1700000.0,30249.63,30078.0,1,1,1
24,2821000.0,10090.0,10000.0,1,1,0
3,0.0,11200.0,47200.0,0,1,1
1,39022.0,102000.0,8500.0,1,1,1
2,200000.0,21000.0,21000.0,1,1,1
3,552.4,4980.89,1200.0,1,1,1
1,48000.0,50000.0,48000.0,1,1,1
1,18000.0,30000.0,18000.0,1,1,1
1,156000.0,2600.0,5000.0,1,1,1
4,180000.0,3500.0,3500.0,1,1,1
24,500000.0,15000.0,600.0,1,1,1
11,800000.0,4600.0,4600.0,0,1,1
5,200000.0,45000.0,12000.0,1,0,1
5,100000.0,1600.0,1600.0,1,1,1
2,2252714.85,13854.0,12100.0,1,1,1
4,150000.0,1500.0,1500.0,0,1,1
2,65000.0,4459.5,4500.0,0,1,1
1,15000.0,90.0,3600.0,1,1,0
15,373900.0,11100.0,10900.0,1,1,1
6,40000.0,1600.0,1600.0,0,1,0
2,1000000.0,39080.0,36000.0,1,1,1
9,1530000.0,84756.0,70000.0,1,1,1
4,161500.0,900.0,900.0,1,1,1
6,0.0,5000.0,0.0,1,1,1
3,0.0,0.0,10000.0,0,0,1
5,35000.0,7500.0,3400.0,1,1,1
2,1117745.14,28883.0,25612.0,1,1,1
6,0.0,1500.0,1500.0,1,1,1
19,180000.0,15000.0,15000.0,0,0,1
1,0.0,0.0,0.0,1,1,1
2,3247500.0,64980.0,56475.0,1,1,1
2,10000.0,10200.0,3700.0,1,1,1
6,235200.0,48000.0,48000.0,0,1,1
10,40380.0,144.0,3365.0,1,1,1
9,1100000.0,6000.0,6000.0,1,0,0
2,32400.0,32400.0,32400.0,1,1,1
1,120000.0,0.0,2000.0,1,1,1
1,400000.0,18000.0,18000.0,1,0,0
11,58800.0,0.0,4900.0,1,1,1
4,96000.0,2000.0,2000.0,1,1,1
2,30000.0,0.0,2500.0,1,1,1
6,300000.0,0.0,4000.0,1,1,1
4,50000.0,4036.0,4000.0,1,1,1
1,264000.0,2376.0,22000.0,1,1,1
2,10800.0,6000.0,3600.0,1,1,1
4,350000.0,7000.0,7000.0,1,1,1
1,25000.0,5820.0,6000.0,1,0,1
5,1150615.0,0.0,41500.0,0,0,1
2,0.0,0.0,0.0,1,1,1
1,30000.0,25000.0,2000.0,1,1,1
4,0.0,0.0,13500.0,1,1,1
10,480000.0,40000.0,40000.0,1,1,1
7,3600.0,300.0,300.0,1,1,1
8,1047111.4,0.0,24900.0,1,1,1
1,55000.0,63789.6,60000.0,0,1,0
3,158400.0,13200.0,13200.0,0,1,0
1,35000.0,1200.0,300.0,1,1,1
1,360000.0,3000.0,3000.0,1,0,1
1,15000.0,1200.0,1200.0,1,1,1
4,3600.0,3600.0,300.0,0,1,1
1,172800.0,10375.67,10375.67,0,0,1
2,27000.0,1470.0,2250.0,0,0,1
1,3600.0,2600.0,300.0,1,1,1
10,150000.0,11500.0,5500.0,1,0,0
2,250000.0,10000.0,10000.0,1,1,0
2,0.0,14000.0,14000.0,1,1,1
4,500000.0,16000.0,16000.0,1,1,1
10,0.0,10000.0,10000.0,1,1,1
8,0.0,25685.5,27600.0,0,0,1
2,0.0,0.0,3200.0,0,0,1
6,90000.0,5000.0,5000.0,1,1,1
1,500000.0,15991.0,18000.0,1,1,1
4,70000.0,1740.0,20880.0,1,1,1
3,100000.0,15000.0,10000.0,1,1,1
23,420975.0,12800.0,12800.0,1,1,1
2,3600.0,0.0,28800.0,1,1,1
1,0.0,26000.0,26000.0,1,0,1
1,550000.0,7200.0,0.0,1,0,0
3,180000.0,4500.0,4500.0,1,1,1
2,485000.0,11500.0,1200.0,1,1,1
8,1200000.0,21400.0,21400.0,1,0,1
19,660000.0,47390.0,47390.0,1,1,1
1,994553.59,46110.84,37122.55,1,0,0
1,6600.0,550.0,550.0,1,1,1
1,40000.0,2300.0,2300.0,1,1,1
14,800000.0,24659.0,24659.0,0,0,1
2,600000.0,22400.0,22400.0,1,1,1
4,500000.0,16.2,1800.0,1,1,1
3,200000.0,0.0,60000.0,1,0,1
1,1709550.0,46918.0,32718.0,0,1,1
20,250000.0,80000.0,40000.0,1,0,0
1,450000.0,0.0,8500.0,1,1,1
4,191880.0,16062.2,15990.0,1,1,1
11,10200.0,10200.0,850.0,1,1,1
11,105600.0,0.0,9800.0,1,1,1
1,410000.0,17639.68,17320.0,1,1,0
1,42000.0,7240.0,7240.0,1,1,1
1,300000.0,6500.0,6500.0,1,0,1
16,650000.0,9825.0,8200.0,1,1,1
2,120000.0,24000.0,24000.0,0,0,1
3,720000.0,15400.0,15400.0,0,0,1
3,42255.0,896.4,5000.0,0,0,1
1,3600.0,3600.0,3600.0,1,1,1
1,100000.0,4200.0,4200.0,1,0,1
22,324.0,1500.0,1500.0,1,1,1
3,94161.6,7846.84,7846.84,1,1,1
14,2299562.0,29300.0,29300.0,1,0,1
1,22700.0,6210.0,6210.0,1,1,1
1,0.0,3857.76,321.48,0,1,1
2,0.0,0.0,0.0,0,0,1
1,200000.0,13000.0,13000.0,1,1,1
4,1968050.0,27274.0,27273.65,0,0,1
1,68562.69,1500.0,4750.0,0,0,1
4,42000.0,20000.0,3500.0,1,0,0
2,1200.0,1000.0,1000.0,1,1,1
1,150000.0,70000.0,34000.0,1,0,1
3,0.0,0.0,0.0,1,1,1
1,381521.73,136800.0,11400.0,1,0,1
4,30000.0,36000.0,1500.0,1,0,0
4,358000.0,49000.0,21000.0,1,1,1
1,450000.0,1500.0,1500.0,0,1,1
12,40000.0,10000.0,7000.0,1,1,1
3,300000.0,61800.0,5150.0,1,1,1
1,0.0,1600.0,19200.0,1,0,0
5,240000.0,27500.0,20000.0,1,1,1
3,0.0,3900.0,3900.0,0,1,1
3,300000.0,2000.0,2000.0,1,1,1
2,1.5,35592.11,43806.38,0,0,1
11,0.0,55360.0,52819.0,1,1,1
2,4785780.0,75800.0,75800.0,1,1,0
12,905325.0,19070.0,18900.0,1,1,1
2,68000.0,15000.0,8700.0,1,1,1
9,300000.0,54000.0,4500.0,0,1,0
11,0.0,0.0,0.0,1,1,1
1,15000.0,400.0,4000.0,1,1,1
5,1008500.0,0.0,24300.0,0,0,1
1,3776498.67,17666.66,17500.0,0,1,0
2,1000000.0,7000.0,7000.0,0,1,1
3,207550.0,10150.0,10150.0,1,1,1
2,300000.0,41100.0,11000.0,1,1,1
4,1282476.0,80250.0,72400.0,0,1,1
3,2641800.0,73188.0,61500.0,1,1,1
1,10000.0,0.0,5500.0,1,0,1
22,0.0,0.0,7915.0,1,0,1
8,146850.0,2000.0,2000.0,1,1,1
2,10000.0,5626.0,1850.0,0,0,0
2,1466000.0,75000.0,75000.0,0,0,1
1,140000.0,4000.0,3000.0,1,1,1
6,301012.0,22350.0,24500.0,0,1,0
15,50000.0,4700.0,4900.0,1,1,1
1,81000.0,66648.0,66000.0,1,1,1
1,102000.0,0.0,8500.0,0,0,1
1,6000.0,500.0,300.0,1,1,1
20,48000.0,3600.0,3600.0,1,0,1
10,56000.0,11000.0,500.0,1,1,1
1,108.0,99.0,1500.0,0,1,0
3,40000.0,0.0,0.0,1,1,1
3,0.0,0.0,500.0,1,1,1
5,1000000.0,0.0,27239.0,1,1,1
1,300000.0,0.0,4500.0,1,1,1
7,2368863.6,30500.0,30500.0,0,0,1
1,75000.0,10000.0,5000.0,1,1,1
5,48750.0,1400.0,1400.0,1,0,1
1,100000.0,5760.0,48000.0,1,1,1
4,36000.0,15000.0,1000.0,0,1,1
16,0.0,27667.0,27666.5,1,1,0
5,480000.0,21400.0,21400.0,0,0,1
2,650000.0,15000.0,9200.0,1,1,0
14,0.0,0.0,4000.0,1,0,1
4,70000.0,0.0,1.0,1,1,1
3,58000.0,5800.0,36000.0,0,1,1
6,20000.0,3800.0,3800.0,1,1,1
5,250000.0,19300.0,18700.0,1,1,1
7,0.0,0.0,4200.0,1,1,1
6,200000.0,57600.0,57600.0,1,1,1
1,140000.0,18000.0,10000.0,0,1,0
1,700000.0,30000.0,30000.0,1,1,1
2,900000.0,22000.0,20500.0,1,1,0
5,114711.17,10700.0,10700.0,1,1,1
11,50000.0,6000.0,1000.0,0,1,1
1,50000.0,1200.0,1200.0,1,1,1
4,50000.0,0.0,300.0,1,1,1
1,60000.0,0.0,42000.0,0,1,1
1,10000.0,500.0,500.0,0,0,1
2,0.0,1098.72,91.56,0,1,1
4,64142.0,36000.0,3600.0,1,1,1
8,114000.0,5200.0,70000.0,1,1,1
1,0.0,0.0,3000.0,1,1,1
1,100000.0,0.0,10800.0,1,1,1
15,734.745,11800.0,11800.0,1,1,0
10,1129850.76,21189.04,21000.0,1,1,1
10,3756000.0,55857.88,51442.0,1,1,1
2,70000.0,2050.0,2050.0,1,1,1
1,0.0,1400.0,1400.0,1,1,1
1,0.0,0.0,7000.0,0,1,0
6,1500000.0,52380.0,52380.0,1,1,1
2,96000.0,62400.0,1300.0,0,0,1
4,360000.0,0.0,9300.0,1,1,0
1,30000.0,0.0,5000.0,1,1,1
1,780000.0,15993.0,7700.0,1,0,1
1,490800.0,48356.69,40900.0,1,1,1
6,0.0,0.0,0.0,1,1,1
3,6000000.0,120000.0,60328.9,1,1,1
15,167797.39,3531.5,3500.0,1,0,1
4,5000000.0,21135.0,18448.37,1,1,1
6,18554.4,600.0,18000.0,1,1,1
1,1271220.0,13497.38,9000.0,1,0,0
1,0.0,0.0,1200.0,1,1,1
4,1013726.0,32053.0,32053.0,1,0,1
4,490000.0,11374.0,10758.0,1,0,1
1,44808.0,44808.0,3734.0,1,1,1
1,0.0,0.0,0.0,0,0,1
1,184800.0,0.0,15400.0,1,1,1
7,44808.0,44808.0,3734.0,1,1,1
4,890000.0,26382.0,26382.0,0,1,0
3,0.0,0.0,0.0,0,0,1
2,415700.0,66000.0,5500.0,0,0,1
4,1200.0,15800.0,2300.0,1,0,1
9,535898.9,7461.92,6989.0,1,1,1
1,0.0,0.0,51481.0,0,1,1
1,2675351.0,7300.0,4300.0,1,0,0
25,0.0,0.0,11000.0,1,1,1
2,36000.0,3000.0,3000.0,1,1,1
1,5276.0,9453.36,25000.0,0,0,1
1,1897323.0,19668.0,15500.0,1,1,1
1,7400.0,0.0,6400.0,1,1,1
8,25000.0,40000.0,4000.0,1,1,1
1,2086475.06,56778.13,35720.0,1,0,1
11,7200.0,600.0,600.0,1,1,1
5,18000.0,1513.5,1500.0,1,1,1
1,24000.0,30000.0,2000.0,1,1,1
1,50933.5,6000.0,6000.0,1,1,1
2,49200.0,2500.0,2500.0,1,1,1
7,12000.0,5500.0,1000.0,1,0,1
10,0.0,5800.0,3600.0,0,0,1
21,300000.0,0.0,7200.0,1,1,1
12,272536.0,10548.0,9300.0,1,0,1
2,0.0,7800.0,6500.0,1,1,1
1,835404.53,44500.0,44500.0,1,1,1
1,15000.0,14400.0,6500.0,1,1,1
5,50000.0,1300.0,1200.0,1,1,1
2,300000.0,5323.01,5112.0,1,1,1
10,0.0,3600.0,3400.0,1,1,1
4,40000.0,13500.0,13500.0,1,0,0
4,6000000.0,0.0,0.0,1,1,1
2,0.0,23800.0,23800.0,0,1,0
9,63600.0,15600.0,1300.0,1,1,1
1,0.0,0.0,500.0,1,0,1
3,150000.0,5200.0,5200.0,1,1,1
7,45000.0,3600.0,3600.0,1,1,1
4,30000.0,62400.0,5200.0,1,1,1
6,350000.0,6000.0,1500.0,1,1,1
1,36000.0,0.0,3000.0,0,0,1
21,15000.0,400.0,4000.0,1,1,1
1,200000.0,13150.0,13150.0,1,1,1
6,250000.0,11000.0,5000.0,0,0,1
1,150000.0,1000.0,300.0,1,1,1
1,100000.0,3000.0,3000.0,1,0,0
1,1344600.0,24800.0,46615.0,1,1,1
8,14400.0,0.0,1200.0,0,0,1
1,44400.0,4700.0,3700.0,1,1,1
5,2000000.0,97020.0,72000.0,1,1,1
1,2591613.0,85462.41,74215.6,1,0,1
5,4000000.0,60791.1,33133.12,1,1,1
7,0.0,0.0,0.0,1,1,1
1,78342.0,6528.5,6528.5,0,1,1
3,81348.0,81348.0,6779.0,1,1,1
2,188.9,188.9,188.9,1,1,1
3,44808.0,3734.0,3734.0,0,0,1
7,858744.0,71562.0,71562.0,0,0,1
1,219482.0,13956.0,8350.0,0,0,1
1,3170476.27,16883.1,12900.0,1,1,1
2,0.0,3796.0,3796.0,0,1,1
4,0.0,0.0,0.0,0,0,1
1,72000.0,0.0,6000.0,0,0,1
1,167348.125,8500.0,7700.0,0,0,1
1,0.0,60408.0,60408.0,1,1,1
4,240000.0,40500.0,13500.0,1,1,1
1,500000.0,52506.7,45657.6,0,1,1
3,0.0,23621.65,16691.94,1,1,1
2,43080.0,3590.0,3590.0,0,0,1
7,441.0,22500.0,4000.0,0,0,1
1,1000000.0,13000.0,13000.0,0,0,1
12,505248.0,32399.84,34543.6,1,1,1
1,34000.0,3600.0,3600.0,1,1,1
1,50820.0,4235.0,4235.0,1,1,1
1,420000.0,62519.0,55200.0,0,1,1
24,9600.0,518.4,800.0,1,1,1
4,2600000.0,61173.67,58100.0,1,1,1
1,300000.0,0.0,0.0,1,1,1
1,12000.0,90000.0,48000.0,0,1,1
1,400000.0,3560.98,8500.0,1,1,1
10,120000.0,1300.0,10000.0,1,0,1
6,350000.0,72000.0,27000.0,1,0,1
1,202219.0,75600.0,64800.0,1,1,1
23,400000.0,40000.0,25000.0,1,0,1
5,48000.0,0.0,28800.0,1,1,1
6,500000.0,3000.0,3000.0,1,1,1
4,500000.0,15000.0,600.0,1,1,1
9,0.0,0.0,30010.0,1,1,1
1,150000.0,0.0,0.0,1,1,1
1,0.0,0.0,7000.0,1,1,1
4,0.0,4000.0,4000.0,0,0,1
12,300000.0,6800.0,6800.0,1,1,1
11,150000.0,0.0,0.0,0,0,1
3,528000.0,44000.0,44000.0,1,1,1
1,500000.0,40000.0,30000.0,0,1,0
1,140000.0,20000.0,70000.0,1,1,1
1,6000000.0,0.0,31595.0,1,1,1
1,960000.0,15000.0,15000.0,1,0,1
1,0.0,1000.0,1000.0,1,1,1
1,0.0,4300.0,4300.0,0,0,1
5,252000.0,22000.0,2000.0,1,1,1
19,1500000.0,31500.0,31500.0,1,1,1
9,3000.0,3000.0,300.0,0,0,1
2,60000.0,300.0,300.0,1,1,1
1,46800.0,0.0,52000.0,0,0,1
15,1148783.32,23795.62,22648.5,1,0,0
5,48000.0,6000.0,2000.0,1,0,0
7,168000.0,11.7,11600.0,0,0,1
17,1161720.0,83866.0,16520.83,1,0,1
8,360000.0,9950.0,8300.0,0,0,1
1,57000.0,12500.0,5500.0,1,1,1
1,120.0,0.0,10.0,1,0,1
14,400000.0,3000.0,3000.0,1,1,1
14,2500000.0,49226.0,39220.0,0,1,1
1,106589.1,18900.0,18900.0,1,1,1
1,90000.0,15200.0,15200.0,0,0,1
1,254631.35,2613.36,2600.0,1,1,1
1,2353843.41,18706.61,18500.0,1,1,1
3,47185.0,8200.0,8200.0,1,1,1
2,48000.0,3000.0,4000.0,1,1,1
4,1000000.0,0.0,26307.0,1,1,1
2,29238.8,28500.0,28500.0,0,1,1
16,50000.0,12000.0,12000.0,1,1,1
3,0.0,0.0,800.0,1,0,1
12,0.0,0.0,0.0,1,1,1
1,80000.0,2000.0,2000.0,1,1,0
1,550000.0,0.0,3000.0,1,1,1
6,197500.0,5000.0,5000.0,1,1,1
5,62400.0,58029.13,18300.0,1,1,1
20,60000.0,0.0,5000.0,0,1,0
16,60000.0,3500.0,3000.0,1,0,1
2,30000.0,10000.0,12000.0,1,1,1
1,3600.0,300.0,300.0,1,1,1
9,0.0,1500.0,1500.0,1,1,1
17,30000.0,20000.0,20000.0,1,1,1
16,0.0,0.0,3600.0,1,1,1
9,14400.0,14400.0,14400.0,1,0,1
23,72000.0,6000.0,6000.0,1,1,1
1,6000000.0,35353.49,35353.49,1,1,1
1,500000.0,0.0,21500.0,1,1,1
16,19200.0,800.0,800.0,1,1,1
2,2129635.0,30971.18,21860.0,1,1,1
6,0.0,2000.0,1000.0,0,0,1
2,2600000.0,22900.0,22900.0,1,1,1
5,0.0,0.0,0.0,1,1,1
10,2900000.0,0.0,12350.0,1,1,1
11,2500000.0,30685.0,30685.0,1,0,1
14,2032921.0,41900.0,41900.0,0,0,1
1,47028.0,134.32,3919.0,0,0,1
1,44808.0,403.2,3734.0,0,0,1
7,0.0,10200.0,10200.0,1,1,1
2,0.0,8200.0,8200.0,1,1,1
4,700000.0,5300.0,5300.0,0,1,1
4,0.0,0.0,12064.0,1,0,1
2,300000.0,60000.0,60000.0,1,1,1
4,50400.0,50400.0,4200.0,0,1,1
3,1000000.0,0.0,24000.0,1,1,1
1,73344.0,0.0,6112.0,0,0,1
1,305159.58,14248.0,14248.0,1,1,1
22,43080.0,0.0,3590.0,1,1,1
7,0.0,1800.0,1800.0,0,0,1
2,977000.0,27600.0,27600.0,1,1,1
1,0.0,9000.0,12000.0,1,1,1
1,0.0,5000.0,0.0,1,1,1
1,3500000.0,0.0,33616.0,1,0,1
3,0.0,0.0,2100.0,0,0,1
13,0.0,44833.0,0.0,0,1,1
1,3400000.0,62213.9,45850.0,1,1,1
24,200000.0,0.0,9650.0,1,1,1
10,180000.0,35000.0,2400.0,0,0,0
3,180000.0,36000.0,36000.0,1,1,1
1,60.0,100000.0,3000.0,1,1,1
1,100000.0,15000.0,15000.0,1,1,1
2,54000.0,6000.0,3500.0,0,0,1
4,60.0,90000.0,1500.0,1,1,1
11,0.0,0.0,2500.0,1,1,1
10,83238.93,3027.0,3000.0,1,1,1
4,1520800.0,32000.0,20800.0,1,1,1
1,25000.0,10200.0,10200.0,1,1,1
19,1332779.0,6840.0,5440.0,1,1,1
1,0.0,0.0,63100.0,1,1,1
1,40000.0,4000.0,4000.0,1,1,1
2,234240.0,0.0,19520.0,1,1,1
8,3847629.0,0.0,64310.0,1,1,1
1,2500000.0,74312.5,74312.5,1,1,1
3,950000.0,40350.0,40350.0,1,1,1
5,39000.0,19454.0,300.0,1,0,1
3,42000.0,18543.0,300.0,0,0,0
1,360000.0,57464.9,2600.0,1,1,1
3,3000000.0,51200.0,24800.0,1,0,1
1,225000.0,18750.0,13750.0,1,0,0
2,360000.0,2600.0,2500.0,0,0,1
1,2239035.0,33500.0,18300.0,1,1,1
14,36000.0,1022.4,3000.0,0,0,0
6,336000.0,52800.0,52800.0,1,1,1
4,1500000.0,50504.12,46800.0,1,1,1
1,7000.0,324.0,3000.0,1,1,1
2,5000.0,20000.0,1000.0,0,1,1
1,1100000.0,4620.0,18620.0,1,1,0
1,1000.0,1000.0,1000.0,1,1,1
1,2000000.0,25240.0,25240.0,1,0,1
17,1422258.0,62415.0,16150.0,1,1,1
5,3546662.48,62197.22,59135.0,1,1,1
1,1061441.0,1700.0,32296.0,1,1,1
3,125000.0,10000.0,6150.0,1,1,1
2,840000.0,0.0,0.0,0,0,1
10,5484284.37,72119.0,72119.0,1,1,1
8,12000.0,756.0,7000.0,1,1,1
3,4992665.55,100196.09,63844.0,1,0,0
19,2292411.0,12700.0,12700.0,1,1,1
4,743556.6769,0.0,70858.0,1,1,1
1,180000.0,13975.0,13975.0,1,1,1
14,2980897.0,0.0,58150.0,1,1,1
16,597394.9,9300.0,9300.0,1,1,1
1,56250.0,5500.0,2500.0,1,0,1
5,200000.0,0.0,30000.0,1,1,1
3,124.8,800.0,800.0,0,0,1
11,0.0,12000.0,12000.0,1,1,1
2,0.0,12000.0,12000.0,0,1,1
19,202219.0,65800.0,65800.0,1,1,1
4,12000.0,1000.0,12000.0,1,1,1
1,28800.0,28800.0,1864.3,0,0,1
4,2577501.0,432.0,4000.0,1,1,1
3,800000.0,15811.2,15811.2,0,0,1
6,84000.0,84000.0,7000.0,1,1,1
6,2756298.5,39561.92,27121.65,0,0,1
11,25000.0,17200.0,8400.0,1,1,1
4,17000.0,0.0,1450.0,1,1,1
3,0.0,23180.8,23180.8,1,1,1
4,1000000.0,1091.0,8900.0,1,1,1
1,100000.0,8100.0,8100.0,1,1,1
2,5000000.0,60877.72,43982.42,1,0,1
2,530640.0,0.0,44220.0,1,1,1
26,1500000.0,40000.0,28600.0,1,1,1
3,1500000.0,37005.37,35397.22,1,0,1
3,163200.0,14800.0,14800.0,1,1,1
5,0.0,4500.0,3960.0,1,1,1
2,166800.0,0.0,13900.0,1,1,1
2,7200.0,0.0,600.0,1,1,1
4,0.0,2300.0,0.0,0,0,1
1,200000.0,35000.0,3500.0,1,1,1
1,480000.0,5000.0,50400.0,1,1,1
4,24000.0,2000.0,2000.0,1,1,1
8,0.0,8400.0,0.0,1,1,1
3,427000.0,1119.8,1100.0,1,0,1
5,12252.6,75000.0,30000.0,0,1,1
6,105310.0,5100.0,5100.0,1,1,1
1,1696096.0,12750.0,10650.0,1,1,1
9,121200.0,0.0,10100.0,1,1,1
3,240000.0,0.0,17300.0,1,0,1
2,5084905.0,63800.0,13800.0,1,1,1
1,720000.0,32291.59,34091.59,1,1,1
19,21000.0,269.0,1750.0,0,1,1
8,1800000.0,106.0,5880.0,1,1,1
1,0.0,10435.0,10435.0,0,0,1
3,950000.0,28600.0,28600.0,1,1,1
1,100000.0,5145.0,5145.0,1,1,1
2,1500000.0,45400.0,31000.0,1,0,1
1,1200000.0,22100.0,18950.0,1,1,1
1,425250.0,35746.5,9550.0,0,0,1
1,0.0,0.0,2403.5,1,1,1
1,0.0,73106.86,73106.86,1,1,0
4,675000.0,129000.0,7330.0,1,0,0
1,396000.0,0.0,2790.0,1,0,1
2,3600000.0,63563.12,54521.0,1,1,1
16,100000.0,3000.0,3000.0,1,1,1
3,0.0,0.0,14950.0,1,1,1
10,2100000.0,0.0,14373.78,0,0,1
9,1200000.0,50000.0,50000.0,1,1,1
2,0.0,0.0,11550.0,1,1,1
1,36900.0,36900.0,36900.0,1,1,1
1,0.0,70742.19,60426.9,1,1,1
2,1845600.0,4250.0,3700.0,1,1,1
10,3347264.0,26925.0,15625.0,0,1,0
1,42000.0,24000.0,24000.0,1,1,1
6,200000.0,8150.0,6150.0,1,0,1
3,50000.0,0.0,4000.0,1,1,1
2,4295895.0,6500.0,6500.0,1,1,1
1,1704090.0,2655.2,23900.0,1,1,1
15,834600.0,51141.91,51141.91,0,1,1
6,55080.0,55080.0,4590.0,1,1,1
4,0.0,96255.95,69670.44,1,1,1
1,0.0,75371.1,68971.1,1,1,1
5,240000.0,19115.0,5450.5,0,0,1
6,160000.0,3770.0,3470.0,1,1,0
4,300000.0,48000.0,48000.0,0,0,1
8,0.0,0.0,0.0,1,1,1
9,0.0,11500.0,11500.0,1,1,1
1,0.0,1500.0,1500.0,1,1,1
1,3000000.0,7300.0,7300.0,1,1,1
11,3996024.0,27200.0,27200.0,0,0,0
1,362300.0,91200.0,0.0,1,1,1
1,1000.0,1000.0,8400.0,1,1,1
2,171524.0,50935.0,12105.0,1,1,1
1,18000.0,3000.0,1500.0,1,1,1
2,1000.0,10000.0,10000.0,1,1,1
1,20400.0,1700.0,1700.0,1,1,1
1,264000.0,5000.0,9300.0,1,1,1
4,2880000.0,75714.81,69300.0,1,1,1
3,804000.0,39320.0,43200.0,0,1,0
1,0.0,3600.0,3600.0,1,1,1
12,55000.0,7800.0,1000.0,1,1,1
20,150000.0,50000.0,31000.0,1,0,1
3,20000.0,0.0,10800.0,0,0,1
2,6000.0,0.0,500.0,1,1,1
1,890000.0,71204.35,51316.32,1,1,1
2,120000.0,23000.0,300.0,1,1,1
1,1480198.82,10770.0,10770.0,1,1,1
1,60468.0,5039.0,5039.0,1,1,1
2,0.0,0.0,18510.0,0,0,1
3,2300000.0,65000.0,53000.0,1,1,1
1,1829777.26,124212.0,10350.0,1,1,1
5,480000.0,3300.0,3300.0,1,1,1
1,235050.0,52600.0,3300.0,0,1,0
1,3164185.0,22725.0,15700.0,1,0,0
2,220000.0,0.0,9646.25,1,1,1
2,3000000.0,22141.5,22141.5,1,1,1
20,100140.67,7543.26,7543.26,0,0,1
13,1200000.0,32400.0,32400.0,0,1,1
1,40000.0,800.0,800.0,0,1,1
2,70000.0,58200.0,58200.0,0,0,1
24,878485.0,30893.89,30893.89,1,1,1
4,0.0,98093.55,72241.65,0,1,1
1,100000.0,38994.37,38712.16,1,1,1
5,0.0,0.0,52125.0,1,1,1
3,1810000.0,140000.0,43950.0,1,1,1
1,6000000.0,68936.0,61600.0,1,1,1
1,60000.0,2980.0,2500.0,1,1,1
1,120000.0,3000.0,3000.0,1,1,1
13,3500000.0,57000.0,52000.0,1,0,0
6,0.0,0.0,13000.0,1,0,1
6,100000.0,2900.0,2900.0,1,1,1
3,4200000.0,40000.0,29000.0,1,1,1
5,3000000.0,44000.0,43100.0,1,1,0
1,3000000.0,21000.0,17468.0,1,1,1
1,84000.0,1816.2,1800.0,1,1,1
1,2239150.0,65086.0,43560.0,1,1,1
15,4000000.0,38093.46,25554.75,1,0,1
3,500000.0,29636.48,28394.77,1,1,1
15,465600.0,106800.0,38800.0,1,0,0
5,85000.0,1500.0,18000.0,1,1,1
11,25200.0,25200.0,2100.0,1,1,1
1,0.0,0.0,5000.0,0,0,1
8,1186534.0,106150.38,65064.0,1,1,0
11,5000000.0,38475.0,38175.0,1,1,1
3,152321.88,73998.01,46858.34,1,1,0
1,203263.9,46574.1,36866.36,1,1,0
1,3000000.0,74299.32,53020.0,1,0,1
13,100000.0,5000.0,500.0,1,1,1
1,1000000.0,25313.22,20500.0,1,0,1
19,0.0,0.0,0.0,0,0,1
2,382513.4,22057.34,18566.66,1,1,1
4,1440000.0,50909.17,47143.83,1,1,1
17,1908000.0,78120.0,64558.0,1,1,1
3,200000.0,0.0,4150.0,1,0,1
1,0.0,2035.5,0.0,0,1,1
1,1127122.0,15109.0,15109.2,1,1,1
10,43080.0,43080.0,3590.0,1,1,1
4,6100000.0,56900.0,56900.0,1,1,1
3,0.0,3600.0,3600.0,1,1,1
16,1732444.86,5960.0,5960.0,1,1,1
1,48080.0,3590.0,3590.0,0,0,1
19,842400.0,70200.0,70200.0,1,1,1
11,75000.0,0.0,3400.0,1,1,1
6,0.0,0.0,0.0,0,0,1
6,55000.0,25000.0,9102.0,1,1,1
2,43080.0,43080.0,3590.0,1,1,1
1,3167091.8,0.0,29650.0,1,1,1
5,120000.0,20062.0,17718.0,1,1,1
1,0.0,3600.0,3600.0,0,1,1
1,980000.0,34000.0,0.0,1,1,1
1,843759.97,24258.81,37031.0,1,1,1
7,1600000.0,34892.8,22782.16,1,0,1
7,800000.0,43000.0,43000.0,0,0,1
3,900.0,18000.0,500.0,1,1,1
3,42000.0,779.4,779.4,1,0,1
2,0.0,0.0,1500.0,1,1,1
5,36037.0,2200.0,2200.0,0,0,1
1,4244201.54,0.0,12704.1,1,0,1
1,250000.0,10600.0,10600.0,1,1,1
11,0.0,0.0,4400.0,0,1,1
1,336000.0,337.51,2343.78,1,1,1
22,3500000.0,65319.0,47319.0,1,1,1
24,0.0,59207.68,59207.68,1,1,1
2,739965.0,8020.0,8020.0,1,0,1
2,290000.0,7746.0,5465.0,1,1,1
1,12000.0,18.0,1000.0,1,1,1
3,158400.0,17400.0,17400.0,1,1,1
1,120000.0,0.0,3600.0,1,0,1
1,120000.0,0.0,2400.0,1,1,1
5,0.0,0.0,350.0,1,1,1
4,35000.0,150000.0,3700.0,1,1,1
17,500000.0,46000.0,2000.0,0,1,1
17,5000.0,6500.0,500.0,1,1,1
4,0.0,300.0,300.0,0,1,1
2,3210.0,10892.6,10700.0,1,1,1
5,0.0,0.0,300.0,0,1,1
1,50000.0,21800.0,1100.0,1,1,1
1,100000.0,42000.0,42000.0,1,1,1
2,417245.88,34770.49,40123.58,0,0,1
1,1989829.0,30950.0,30950.0,0,1,1
14,6000.0,0.0,500.0,1,0,1
5,59400.0,4950.0,4950.0,1,1,1
4,48000.0,3500.0,4000.0,1,1,1
26,100000.0,36000.0,36000.0,1,0,1
5,300000.0,22000.0,22000.0,1,1,0
1,90000.0,15600.0,15600.0,0,1,1
1,30000.0,24000.0,2000.0,1,1,1
8,1641001.0,40042.0,47700.0,1,1,1
2,48000.0,4000.0,4000.0,0,0,1
1,600000.0,6500.0,1800.0,1,1,1
1,0.0,9500.0,9500.0,1,1,1
23,0.0,38400.0,3200.0,1,1,1
1,24000.0,12000.0,2000.0,1,1,1
6,3600.0,146.0,300.0,1,1,1
14,450000.0,16000.0,15600.0,1,0,1
26,30000.0,30000.0,2500.0,1,1,1
3,360000.0,7300.0,42000.0,1,1,1
2,30000.0,0.0,2400.0,1,1,1
15,96000.0,15000.0,8000.0,0,0,1
9,300000.0,0.0,14000.0,0,1,0
4,1100000.0,12400.0,12400.0,1,0,1
1,87847.0,8320.0,8320.0,1,1,1
1,3500000.0,36000.0,34000.0,0,1,1
5,50000.0,100000.0,500.0,1,1,1
1,30000.0,0.0,2500.0,1,1,1
2,400000.0,3800.0,3800.0,0,1,1
7,60000.0,48000.0,3692.3,0,0,0
15,8000.0,4000.0,4000.0,0,1,1
11,85000.0,22000.0,2500.0,1,1,0
2,13920.0,13920.0,13920.0,1,1,1
1,225000.0,3000.0,2946.0,1,1,1
2,332150.0,13200.0,13200.0,0,0,1
16,100000.0,48000.0,3692.3,0,0,1
12,5000.0,1700.0,1700.0,1,0,0
10,80000.0,0.0,14400.0,1,1,1
6,120.0,0.0,0.0,1,1,1
5,12000.0,12883.0,13000.0,0,0,1
1,-300000.0,0.0,4000.0,1,1,1
21,194.4,0.0,900.0,1,1,1
1,602498.0,61734.0,61734.0,1,1,1
2,156000.0,12000.0,12000.0,1,1,1
1,48000.0,48000.0,4000.0,1,1,1
1,0.0,0.0,2000.0,0,1,0
8,1000000.0,0.0,3000.0,1,0,1
5,3019080.22,31098.54,32000.0,1,1,1
6,156000.0,13000.0,13000.0,0,0,1
1,2400000.0,18700.0,12800.0,1,1,1
1,1310283.0,45022.68,40665.92,0,0,1
2,300000.0,8900.0,8900.0,0,1,1
2,100000.0,12000.0,12000.0,1,1,1
1,2160000.0,29400.0,6400.0,1,0,0
13,2400000.0,30000.0,20000.0,1,1,1
12,120000.0,30000.0,20000.0,1,1,1
1,50000.0,15000.0,15000.0,0,0,1
6,4200.0,400.0,900.0,1,1,1
1,48000.0,12000.0,12000.0,1,1,1
1,30000.0,0.0,300.0,1,1,1
1,85000.0,18000.0,1000.0,1,1,1
1,50000.0,18500.0,36000.0,1,1,1
11,45000.0,15000.0,15000.0,1,1,1
14,4164318.1,5500.0,5090.15,1,0,0
13,42000.0,61.0,3500.0,1,1,1
4,50000.0,4000.0,1200.0,1,0,1
1,300000.0,25000.0,25000.0,1,0,0
1,60000.0,15000.0,5000.0,0,0,1
3,150000.0,3000.0,3000.0,0,1,1
7,60000.0,3500.0,6000.0,0,0,1
2,100000.0,7500.0,7500.0,1,1,1
2,300000.0,3000.0,3000.0,1,1,1
8,5400000.0,13185.0,12000.0,1,1,1
1,0.0,0.0,0.0,0,1,1
6,978211.0,17300.0,20300.0,1,1,1
13,3265000.0,0.0,17950.0,0,0,1
2,120000.0,0.0,10000.0,1,1,1
5,120000.0,0.0,10000.0,0,1,0
1,3600.0,0.0,300.0,1,1,1
1,73.92,4000.0,2000.0,1,0,0
2,144000.0,8002.0,10300.0,1,1,1
1,56000.0,12000.0,12000.0,1,1,0
1,300000.0,7000.0,6500.0,1,1,1
6,480000.0,13500.0,13500.0,0,1,1
2,0.0,64721.1,64380.49,0,0,1
5,77976.0,6498.0,6498.0,1,1,1
12,65000.0,700.0,8400.0,1,0,1
1,98750.0,2500.0,2500.0,0,0,0
4,101786.02,67619.73,42571.838,0,1,1
1,2500000.0,45000.0,25252.0,1,0,1
7,0.0,0.0,10800.0,1,1,1
20,48000.0,0.0,4000.0,1,0,1
16,0.0,0.0,0.0,1,1,1
5,300000.0,27500.0,7500.0,1,1,1
6,960000.0,75600.0,75600.0,1,1,1
1,350000.0,18000.0,1500.0,1,1,1
3,10000.0,0.0,300.0,0,1,0
3,905986.0,73200.0,73000.0,1,1,1
1,445200.0,37100.0,37100.0,1,1,1
3,0.0,0.0,0.0,1,0,1
2,450000.0,0.0,47388.9,1,1,1
1,0.0,0.0,3684.0,1,0,1
2,400000.0,11000.0,11000.0,1,0,1
4,620000.0,1200.0,1200.0,1,1,1
7,220249.0,7659.0,7659.0,0,0,1
4,47000.0,0.0,0.0,1,0,1
1,12.0,0.0,8400.0,1,1,1
2,0.0,12000.0,12000.0,0,0,1
1,1200000.0,21400.0,17000.0,1,1,1
3,2582847.61,3500.0,3500.0,0,0,1
3,4254974.0,21051.0,21051.0,1,1,1
6,0.0,89668.89,72576.33,1,1,1
14,3006948.0,89082.0,69533.0,1,1,1
1,600.0,700.0,350.0,1,1,1
10,0.0,0.0,0.0,1,1,1
1,300000.0,24017.8,24017.8,1,1,1
2,402.6,0.0,1600.0,1,1,1
22,1200000.0,45401.41,50345.0,1,1,1
2,75864.0,6322.0,6322.0,1,1,1
6,1026000.0,34154.0,34154.0,1,0,1
1,179059.5,63798.0,41322.15,1,1,1
2,0.0,43794.0,29468.0,1,1,1
1,1751641.0,43758.82,24107.04,0,0,1
3,3100000.0,43453.58,33083.58,0,1,0
2,122145.36,122145.36,10178.78,1,1,1
17,0.0,350.0,0.0,0,1,1
1,1804708.0,43610.5,41463.0,1,1,1
13,12025.0,36072.0,3006.0,0,1,1
24,0.0,0.0,0.0,1,1,1
2,1500000.0,54800.0,4215.0,1,0,0
1,59208.0,59208.0,4934.0,1,1,1
6,444800.0,562.0,20200.0,0,1,0
1,146652.0,149892.0,12221.0,1,1,1
8,320000.0,4000.0,4000.0,1,1,0
3,615.6,5648.7,5700.0,1,1,1
2,0.0,20555.0,16000.0,0,0,1
1,9600.0,0.0,800.0,1,1,1
5,283400.0,71300.0,7200.0,0,0,1
10,160000.0,1099.0,4000.0,0,1,0
19,0.0,0.0,0.0,1,1,1
4,1205139.0,14340.57,14340.57,1,1,1
1,0.0,10000.0,12000.0,0,1,0
18,109200.0,0.0,9100.0,1,0,1
4,560000.0,1800.0,1800.0,1,1,0
4,0.0,0.0,300.0,1,1,1
4,0.0,0.0,0.0,0,1,1
1,110000.0,28750.0,28750.0,1,1,1
1,45000.0,1800.0,1800.0,1,1,1
15,117600.0,9800.0,9800.0,1,1,1
11,1000000.0,0.0,15200.0,1,1,1
4,130000.0,5045.0,5000.0,1,0,1
4,12000.0,12000.0,12000.0,1,1,1
2,1000000.0,342.0,22500.0,1,1,1
12,0.0,0.0,1200.0,0,0,1
4,0.0,23400.0,1950.0,1,0,1
7,5000.0,10000.0,5000.0,1,1,0
2,1000000.0,65400.0,6750.0,1,1,1
1,1904000.0,26094.0,26094.0,0,0,1
2,95000.0,4000.0,4000.0,1,1,0
1,250000.0,7000.0,7000.0,1,1,0
12,120000.0,2500.0,2500.0,1,1,0
14,50000.0,7000.0,1000.0,0,1,1
5,9000.0,600.0,9900.0,0,1,1
2,7200.0,7200.0,600.0,1,0,1
4,480000.0,18000.0,16000.0,1,1,1
5,300000.0,24000.0,2000.0,0,0,1
19,100000.0,2000.0,2000.0,1,1,0
14,100000.0,3700.0,3700.0,1,1,0
25,0.0,0.0,0.0,1,1,1
16,372000.0,2663.13,3500.0,1,1,1
14,140000.0,22800.0,4000.0,1,1,1
7,500000.0,15000.0,1200.0,1,1,1
1,850000.0,0.0,0.0,1,1,1
1,300000.0,141600.0,7400.0,1,1,1
2,137592.0,153192.0,11466.0,1,1,1
2,631.8,631.8,631.8,1,1,1
2,30000.0,300.0,300.0,1,1,1
1,250000.0,0.0,36000.0,1,1,1
2,293812.24,5338.98,3900.0,1,1,1
2,0.0,0.0,1980.0,1,1,1
5,260000.0,5000.0,5000.0,1,1,1
5,0.0,38773.0,38773.0,1,1,0
2,45000.0,0.0,2400.0,1,0,1
1,0.0,0.0,3500.0,0,1,1
8,95000.0,1000.0,1000.0,1,1,0
23,48000.0,48000.0,48000.0,1,1,1
18,180000.0,16400.0,2400.0,1,1,1
1,240000.0,20000.0,20000.0,1,1,1
1,0.0,25000.0,25000.0,1,1,1
1,27504.0,0.0,16800.0,1,0,1
1,12000.0,0.0,1000.0,1,1,1
9,84000.0,52500.0,7000.0,1,0,1
10,0.0,1614.4,1600.0,0,1,1
17,36000.0,3600.0,3600.0,1,0,1
1,58000.0,3600.0,3600.0,1,0,1
2,400000.0,35500.0,35500.0,1,1,1
1,72201.18,18000.0,4500.0,1,1,1
3,36000.0,3000.0,3000.0,1,1,1
2,112000.0,1000.0,1000.0,1,1,0
3,500000.0,0.0,17250.0,0,0,1
18,105000.0,7900.0,7900.0,1,1,1
1,3500000.0,0.0,42000.0,1,1,1
4,0.0,0.0,21900.0,1,1,1
15,60000.0,17400.0,5400.0,1,1,1
5,6000.0,3600.0,3600.0,0,0,1
1,660000.0,35000.0,25000.0,1,1,1
14,0.0,1087.0,5000.0,0,1,1
4,18000.0,9600.0,800.0,1,1,1
7,384000.0,22250.0,22250.0,0,1,1
1,12000.0,12000.0,1000.0,1,1,1
1,0.0,0.0,3000.0,0,0,1
1,24000.0,0.0,2000.0,1,1,1
1,110000.0,56400.0,1006.2,1,1,1
10,0.0,1500.0,1500.0,1,1,1
5,0.0,0.0,28700.0,1,1,1
1,0.0,2000.0,2000.0,1,1,1
1,36000.0,3000.0,3000.0,0,0,1
9,43080.0,0.0,3590.0,1,1,1
2,50000.0,800.0,19200.0,1,1,1
2,350000.0,36000.0,3600.0,1,1,1
3,24000.0,2000.0,2000.0,0,1,1
19,0.0,0.0,0.0,0,1,1
6,54000.0,54000.0,54000.0,1,1,1
2,300000.0,40000.0,30000.0,1,1,1
6,110000.0,152400.0,12700.0,1,1,1
2,50000.0,45000.0,17500.0,0,0,1
7,115500.0,10520.0,8420.0,1,1,1
3,0.0,0.0,3000.0,1,1,1
2,70000.0,0.0,25200.0,1,0,1
1,1849170.0,47475.95,36600.0,0,0,1
7,350000.0,0.0,19000.0,0,0,1
6,700000.0,8500.0,8500.0,0,1,0
1,1000000.0,0.0,0.0,0,0,1
1,1700000.0,36534.0,36015.0,1,1,1
6,2500000.0,24152.0,40000.0,1,1,1
2,2700000.0,108000.0,9000.0,1,1,1
1,0.0,21289.9,21200.0,1,1,1
6,750000.0,60000.0,60000.0,1,1,1
1,1600000.0,57876.0,46900.0,1,1,1
3,1400000.0,46928.4,46928.4,1,1,1
4,30000.0,0.0,2500.0,1,1,1
3,72000.0,13000.0,8000.0,1,0,1
2,15000.0,800.0,700.0,1,1,1
2,76800.0,0.0,6400.0,1,1,1
2,50000.0,45000.0,1500.0,0,0,0
1,2017931.0,31830.0,19500.0,1,1,1
15,168000.0,14000.0,14000.0,1,1,1
10,1535400.0,21453.8,21453.8,1,1,0
3,50000.0,100000.0,25200.0,1,0,1
5,45000.0,0.0,5600.0,1,1,1
12,0.0,20000.0,1500.0,1,1,1
1,170000.0,10050.11,10050.11,0,0,1
2,3248961.0,149374.0,39608.0,1,1,1
15,54000.0,12000.0,12000.0,1,1,1
3,18500.0,10350.0,3000.0,1,1,1
8,72000.0,31200.0,2600.0,1,1,1
8,300000.0,10000.0,10000.0,1,1,1
6,213600.0,25000.0,17800.0,1,0,1
6,30000.0,15000.0,9600.0,1,1,1
2,47000.0,6000.0,72000.0,1,0,1
3,420000.0,35000.0,16700.0,0,1,1
2,160000.0,48000.0,4000.0,1,1,1
1,50000.0,20000.0,3600.0,0,1,0
1,344078.0,60000.0,60000.0,1,1,1
7,14400.0,14400.0,1200.0,0,0,1
4,0.0,0.0,0.0,1,1,1
13,650000.0,15639.5,15500.0,1,0,1
18,2500000.0,13337.5,6280.0,1,1,1
5,0.0,25314.33,25314.33,1,1,1
8,48000.0,4000.0,4000.0,0,0,1
12,99600.0,3400.0,3400.0,0,1,0
2,24000.0,0.0,2000.0,1,1,1
2,100000.0,0.0,0.0,0,0,1
1,680176.0,12656.0,12656.0,1,1,1
1,2500000.0,27340.5,27300.0,1,1,1
1,5000.0,6000.0,6000.0,0,0,1
9,48000.0,1000.0,4000.0,0,0,1
1,50000.0,100000.0,26400.0,1,0,1
2,385000.0,23000.0,15000.0,1,0,1
16,15000.0,1000.0,2000.0,1,1,1
1,21600.0,21600.0,0.0,1,1,1
4,0.0,2000.0,2000.0,0,1,1
1,0.0,2000.0,2000.0,0,1,1
4,30000.0,15000.0,3600.0,1,1,1
1,764952.8,0.0,51436.0,1,1,1
23,0.0,0.0,56669.05,1,1,1
10,650000.0,3550.0,42600.0,0,0,1
5,56500.0,23600.0,12000.0,1,1,1
2,50000.0,20000.0,12000.0,1,1,1
25,0.0,0.0,35000.0,1,1,1
7,0.0,0.0,46700.0,1,1,1
20,320000.0,3800.0,3800.0,1,1,1
6,0.0,34283.63,33698.89,1,1,1
3,27504.0,16800.0,16800.0,1,1,1
8,50000.0,3600.0,300.0,1,0,1
1,3000.0,5800.0,1500.0,1,1,1
5,60000.0,8800.0,2500.0,1,0,1
3,20000.0,1600.0,1600.0,1,1,1
24,0.0,25000.0,6000.0,0,1,1
13,1570339.0,0.0,12300.0,1,1,1
5,0.0,0.0,0.0,0,0,1
22,0.0,1750.0,1750.0,1,1,1
16,800000.0,58721.44,6200.0,0,0,1
14,90000.0,35950.0,8502.0,1,0,1
3,0.0,0.0,13860.0,0,0,1
1,0.0,0.0,0.0,1,0,1
13,88000.0,44000.0,44000.0,0,1,1
1,2356.0,10000.0,3600.0,1,1,1
1,120000.0,25000.0,6500.0,0,1,0
3,5526.57,41950.0,41950.0,0,0,1
15,650000.0,5200.0,5200.0,0,1,1
18,800000.0,31725.0,31725.0,1,0,0
1,169041.36,14086.78,14086.78,1,1,1
3,87120.0,0.0,7260.0,1,1,1
1,146100.0,12175.0,12175.0,1,1,1
1,20000.0,0.0,4500.0,1,1,1
1,300000.0,900.0,3600.0,1,1,1
1,3000.0,6108.0,6000.0,1,1,1
1,120000.0,15171.0,15171.0,0,0,1
2,300000.0,18000.0,18000.0,1,1,1
6,630000.0,0.0,8300.0,1,0,1
1,12000.0,216.0,1000.0,0,0,1
2,2842474.95,7000.0,7000.0,0,0,1
1,50000.0,6000.0,4800.0,0,1,0
1,48000.0,4000.0,4000.0,1,1,1
16,100000.0,16800.0,16800.0,0,1,0
3,60000.0,0.0,5000.0,1,1,1
8,120000.0,7200.0,7200.0,1,1,1
3,0.0,1100.0,1100.0,0,1,1
3,0.0,0.0,1800.0,0,0,1
13,0.0,0.0,0.0,0,0,1
16,0.0,200.0,0.0,0,1,1
1,22800.0,0.0,1900.0,0,0,1
7,0.0,0.0,0.0,0,1,1
6,240000.0,4100.0,2050.0,1,1,1
21,3600.0,6000.0,300.0,1,1,1
1,8000.0,3600.0,300.0,1,1,1
1,300000.0,4000.0,4000.0,0,1,1
18,0.0,0.0,400.0,0,1,1
1,356000.0,32000.0,2000.0,1,1,1
1,610000.0,70000.0,4450.0,1,1,1
7,87000.0,0.0,800.0,0,0,1
25,5650996.09,65832.0,63832.27,1,1,1
11,30000.0,1500.0,1500.0,1,1,1
12,30000.0,2500.0,2500.0,1,1,1
3,0.0,1500.0,1500.0,1,1,1
2,0.0,1500.0,1500.0,1,1,1
1,50400.0,850.0,850.0,1,0,1
9,0.0,0.0,2339.0,1,1,0
2,144000.0,120000.0,49200.0,1,0,1
1,180000.0,143000.0,49200.0,1,0,1
23,42000.0,2210.0,1500.0,1,0,1
1,20000.0,20000.0,500.0,1,1,1
1,120580.0,33600.0,33600.0,0,1,1
17,0.0,0.0,0.0,0,0,1
16,4160320.0,65558.17,60999.8,1,1,1
4,2411291.05,32128.83,32128.83,0,0,1
2,0.0,0.0,0.0,0,1,1
2,200000.0,0.0,12750.0,0,0,1
21,0.0,0.0,0.0,0,0,1
11,450.0,45600.0,40000.0,0,0,1
26,3716166.0,52367.33,33155.0,0,1,1
14,0.0,0.0,2000.0,1,1,1
4,609925.0,62440.0,51630.0,1,1,1
1,2885555.0,0.0,0.0,0,0,1
1,60.0,800.0,300.0,1,1,1
14,320000.0,120000.0,12000.0,1,0,1
10,918701.06,25680.9,20100.0,1,1,1
5,70000.0,30000.0,15600.0,1,1,1
11,0.0,0.0,0.0,0,1,1
3,2500000.0,0.0,15000.0,1,1,1
2,180000.0,43350.0,13000.0,1,0,0
4,80.0,800.0,300.0,1,1,1
2,0.0,0.0,20185.68,0,1,1
2,775200.0,0.0,64600.0,1,1,1
1,80000.0,24000.0,2000.0,1,0,0
1,46000.0,1000.0,1000.0,1,0,1
15,14400.0,240.0,1200.0,1,1,1
22,21600.0,0.0,3000.0,1,1,1
2,2000000.0,30641.0,28587.41,1,1,1
1,200000.0,0.0,18000.0,1,1,1
7,0.0,0.0,0.0,0,0,1
1,44808.0,3734.0,3734.0,0,0,1
6,212649.0,50451.17,61823.06,1,1,1
9,452400.0,0.0,37700.0,1,1,1
1,3600.0,0.0,300.0,1,0,1
3,1754512.0,21575.0,17301.6,0,0,1
5,150000.0,100000.0,48300.0,1,0,1
2,9600.0,4200.0,1100.0,1,0,1
1,1000000.0,8200.0,8200.0,1,1,1
1,162000.0,0.0,13500.0,1,1,1
1,1134386.38,0.0,23900.0,1,0,1
7,9600.0,800.0,800.0,1,1,1
4,720000.0,7000.0,7000.0,1,1,1
1,247000.0,120.0,120.0,1,0,1
4,48000.0,0.0,4000.0,0,0,1
3,1700000.0,8000.0,8000.0,1,1,1
11,0.0,0.0,0.0,0,0,1
1,44808.0,102.85,3734.0,0,1,1
1,10800.0,6000.0,3600.0,1,1,1
2,0.0,10762.5,10762.5,0,0,1
23,480000.0,8000.0,8000.0,1,1,1
14,720000.0,36300.0,14300.0,1,0,1
7,40000.0,2000.0,2000.0,1,1,1
7,9600.0,3000.0,800.0,1,1,1
3,400000.0,30000.0,8000.0,1,0,0
5,5000.0,5000.0,1200.0,1,1,1
11,415000.0,54800.0,54800.0,0,0,1
6,1535000.0,22050.0,18300.0,1,1,1
2,3000000.0,45000.0,45000.0,1,1,1
1,20400.0,0.0,1700.0,1,1,1
2,200000.0,4150.0,4150.0,1,1,1
1,72000.0,6000.0,6000.0,1,1,1
2,100000.0,99000.0,49000.0,1,0,1
12,1200.0,0.0,1000.0,0,1,1
14,0.0,0.0,0.0,0,0,1
1,18000.0,18000.0,1500.0,1,1,1
23,0.0,0.0,0.0,0,0,1
1,1941527.65,22260.8,11700.0,1,1,1
4,428350.0,18632.08,13522.26,0,0,1
2,861998.05,6200.0,4600.0,1,0,1
1,1126386.0,41411.14,29350.0,1,1,1
1,690000.0,15412.5,17750.0,1,0,1
1,0.0,0.0,5090.0,1,1,1
2,2222294.17,42685.28,36464.0,1,1,1
1,3500000.0,64677.73,64678.0,1,1,1
4,42000.0,146895.2,3500.0,0,1,1
25,0.0,0.0,0.0,0,0,1
20,0.0,0.0,0.0,0,0,1
23,0.0,0.0,0.0,0,1,1
5,0.0,0.0,4800.0,1,1,1
8,934253.14,0.0,30229.26,1,1,1
1,300000.0,48000.0,4000.0,1,1,1
15,0.0,0.0,0.0,0,1,1
1,30000.0,4000.0,2000.0,1,1,1
3,15600.0,1300.0,1300.0,1,1,1
1,58800.0,230.0,4900.0,1,1,1
1,142826.57,62600.0,4800.0,0,0,1
2,43104.0,155.0,3592.0,0,0,1
1,568825.0,15560.0,15560.0,1,1,1
3,0.0,0.0,0.0,0,1,1
21,0.0,0.0,0.0,0,1,1
8,0.0,250.0,0.0,0,1,1
18,0.0,0.0,0.0,1,1,1
12,0.0,0.0,0.0,0,0,1
8,1966122.0,5600.0,5600.0,1,1,1
1,5000000.0,69222.87,43600.0,0,0,1
22,70800.0,5900.0,5900.0,1,1,1
5,0.0,0.0,700.0,1,1,1
2,170000.0,3500.0,3500.0,1,1,1
10,70000.0,22000.0,19450.0,1,1,1
2,96000.0,2500.0,2500.0,0,1,1
3,4000000.0,0.0,40400.0,1,1,1
6,7200.0,600.0,600.0,1,1,1
25,50000.0,12000.0,12000.0,1,1,1
11,100000.0,425.2,3000.0,1,1,1
2,678778.0,75000.0,9700.0,0,0,1
1,0.0,0.0,0.0,0,0,0
10,1000000.0,34114.15,34114.15,1,0,1
5,92400.0,1663.2,7700.0,0,0,1
1,700472.0,118835.0,35893.0,0,1,1
20,0.0,0.0,29700.0,0,1,0
16,35760.0,756.0,42000.0,1,1,1
6,2265336.0,51200.0,51200.0,0,0,1
6,0.0,4000.0,4000.0,1,1,1
9,0.0,0.0,0.0,1,1,1
4,15600.0,1800.0,1800.0,0,1,1
17,18000.0,63.0,1500.0,0,0,1
4,30000.0,15435.17,5400.0,0,1,0
1,500000.0,2500.0,2500.0,1,1,1
8,0.0,0.0,0.0,0,1,1
5,4082520.0,0.0,21600.0,1,1,1
9,1000000.0,15900.0,15900.0,1,0,1
10,0.0,0.0,0.0,0,0,1
17,1400000.0,30248.24,22360.0,1,1,1
4,0.0,0.0,1000.0,1,1,1
6,0.0,0.0,0.0,0,1,1
1,800000.0,0.0,1000.0,1,1,1
1,2091000.0,10700.0,10700.0,1,0,1
1,295440.0,27224.35,24620.0,0,0,1
3,0.0,12000.0,12000.0,1,1,1
1,49200.0,4100.0,3500.0,1,1,1
1,0.0,57600.0,57600.0,0,1,1
2,500000.0,55000.0,37000.0,1,0,0
1,45000.0,12000.0,12000.0,1,1,1
2,156000.0,13000.0,13000.0,0,0,1
7,233000.0,0.0,0.0,0,0,1
2,12000.0,0.0,1000.0,1,1,1
7,500000.0,2500.0,2500.0,1,1,1
16,0.0,67200.0,67200.0,0,1,1
5,3600000.0,52300.0,52300.0,1,1,1
1,49680.0,0.0,4140.0,1,1,1
13,2322122.9,33763.0,33342.87,0,1,1
15,2480000.0,0.0,32600.0,1,0,1
8,0.0,0.0,0.0,0,0,0
24,0.0,0.0,0.0,0,0,1
8,0.0,0.0,0.0,0,0,1
1,2100000.0,22167.41,22167.41,1,1,1
1,42000.0,7000.0,300.0,1,0,1
11,300000.0,20300.0,20300.0,1,1,1
6,0.0,13085.73,11060.0,0,0,1
9,130000.0,8000.0,5000.0,1,1,1
10,0.0,0.0,51400.0,1,1,1
18,2100000.0,0.0,23200.0,1,0,1
1,105000.0,77600.0,6500.0,1,1,1
1,80000.0,1000.0,1000.0,1,1,0
2,1500000.0,35100.0,35100.0,1,0,1
1,800000.0,4000.0,4000.0,1,0,1
12,12000.0,20000.0,300.0,0,1,0
1,650000.0,5800.0,64000.0,0,0,1
3,72000.0,6500.0,6500.0,0,0,1
1,4000000.0,74865.7,67550.0,1,1,1
19,500000.0,0.0,10750.0,1,1,1
14,800000.0,25000.0,25000.0,1,1,1
7,-19825.71,28312.85,24890.1,1,1,1
12,224409.6,321.22,18700.8,0,0,1
9,5813643.0,0.0,45649.4,1,1,1
2,80000.0,63400.0,63400.0,1,1,1
12,0.0,0.0,66000.0,1,1,1
8,120000.0,3200.0,3200.0,1,1,1
20,40.2,40.2,3.35,1,0,1
1,98653.0,30000.0,15000.0,0,1,1
1,400000.0,48000.0,48000.0,1,1,1
1,108000.0,9000.0,9000.0,1,1,1
15,0.0,0.0,0.0,1,1,1
3,33600.0,33600.0,2800.0,1,1,1
1,0.0,0.0,300.0,0,0,1
4,0.01,3600.0,3600.0,1,0,1
1,0.0,21690.0,21450.0,0,0,1
10,5019530.0,108336.55,63100.0,1,1,1
13,0.0,0.0,0.0,1,1,1
1,1200000.0,30500.0,30499.9,1,1,1
1,6000000.0,23091.0,6000.0,1,0,1
1,0.0,11900.4,11900.4,0,0,1
1,3623644.0,0.0,72110.0,0,1,1
7,2959965.0,65315.17,52455.5,0,0,1
2,100000.0,37400.0,37400.0,1,1,1
1,1732225.0,18083.95,14813.0,1,1,1
2,0.0,0.0,73462.27,0,1,1
20,2248675.0,45188.0,45188.0,1,1,1
4,500000.0,14500.0,14500.0,1,1,1
1,1638961.0,8150.0,8150.0,1,1,1
4,0.0,1000.0,2000.0,1,1,1
16,71676.0,8800.0,18800.0,1,1,1
1,5000000.0,90000.0,53000.0,1,1,1
11,590600.0,20345.2,20200.0,0,0,0
4,705.0,5000.0,1000.0,1,1,1
8,1200000.0,0.0,15660.0,1,1,1
3,42000.0,12124.7,2200.0,1,0,1
3,220000.0,43000.0,43000.0,1,0,1
1,950000.0,24492.42,24273.75,0,0,1
23,1100.0,500.0,500.0,0,1,1
2,500000.0,18850.0,18050.0,1,1,1
10,0.0,10000.0,5000.0,0,1,1
7,0.0,24540.0,24540.0,0,1,1
3,500000.0,0.0,36000.0,1,1,1
1,1500000.0,13500.0,13500.0,0,0,1
3,0.0,0.0,3000.0,0,0,1
4,5000000.0,0.0,7160.54,1,1,1
9,300000.0,0.0,0.0,1,1,1
1,40000.0,0.0,4050.0,0,1,1
7,10000.0,10000.0,4000.0,1,1,1
1,12000.0,0.0,1000.0,0,1,1
1,1486500.0,11855.75,11750.0,1,0,1
1,1080000.0,0.0,0.0,1,1,1
15,6000.0,1350.0,1350.0,0,1,1
20,0.0,0.0,0.0,0,1,1
3,12.5,56255.56,56255.56,0,1,1
18,0.0,100708.95,43050.0,1,0,0
17,2700000.0,26500.0,26500.0,0,1,1
1,12000.0,4000.0,3600.0,1,1,1
5,79000.0,90000.0,66750.0,0,0,0
1,0.0,300.0,300.0,1,1,1
13,2400000.0,41562.47,34020.0,1,1,1
1,146074.0,79.2,4400.0,1,1,1
2,0.0,4950.0,4950.0,0,1,1
2,2000000.0,6000.0,500.0,1,1,1
4,25000.0,35000.0,1000.0,1,1,1
5,15000.0,18000.0,1500.0,1,1,1
6,500000.0,28511.2,28511.2,1,1,1
5,500000.0,1200.0,1200.0,1,1,1
14,0.0,0.0,0.0,0,1,1
2,480000.0,7750.0,7750.0,0,1,1
1,100000.0,0.0,60000.0,1,1,1
8,9600.0,27720.0,3600.0,0,0,1
14,0.0,32400.0,3600.0,0,0,1
5,0.0,0.0,0.0,0,1,1
4,384000.0,21000.0,32000.0,1,1,1
10,0.0,0.0,0.0,0,1,0
1,0.0,2169.35,2150.0,1,0,1
2,897420.23,7065.0,32565.0,1,1,1
1,8030.48,45026.0,45026.0,1,1,1
1,0.0,0.0,1500.0,0,1,1
4,0.0,2448.0,2000.0,1,1,1
1,40000.0,13525.0,5200.0,1,0,1
1,49000.0,0.0,33979.0,1,0,1
17,0.0,79499.0,0.0,1,1,1
10,360000.0,0.0,6800.0,0,1,0
22,20400.0,0.0,1700.0,0,1,1
3,45000.0,3450.0,3450.0,0,1,1
7,450000.0,49200.0,4100.0,1,1,0
4,0.0,4237.8,4237.8,0,0,1
5,8400.0,0.0,700.0,1,1,1
15,700000.0,10050.0,10050.0,1,1,1
7,2369659.0,41263.0,41263.0,0,0,1
7,10800.0,0.0,900.0,1,1,1
5,0.0,9600.0,800.0,0,0,1
1,46050.0,3837.5,3837.5,1,0,1
1,25000.0,500.0,500.0,1,1,1
8,48000.0,0.0,4000.0,0,1,1
2,350119.0,37200.0,37200.0,0,0,1
1,4500.0,252.0,45000.0,1,1,1
7,0.0,0.0,2600.0,1,1,1
1,0.0,0.0,1000.0,1,1,1
1,64.8,82.0,300.0,1,1,1
1,0.0,0.0,4500.0,1,1,0
2,17506.59,14400.0,1200.0,1,1,1
2,0.0,3823.27,3705.72,1,1,1
1,120000.0,6400.0,6400.0,1,1,1
1,48000.0,2500.0,1000.0,1,0,1
1,3600.0,2500.0,300.0,1,0,1
2,384000.0,15000.0,15000.0,0,0,1
1,1763651.0,28890.0,22000.0,1,1,1
1,3000.0,3000.0,500.0,1,1,1
9,147000.0,0.0,12250.0,1,1,1
1,50000.0,1000.0,2000.0,1,1,1
3,14400.0,60.0,1200.0,1,0,0
2,50000.0,0.0,9600.0,1,1,1
3,12000.0,12000.0,1000.0,1,1,1
2,0.0,26000.0,2000.0,1,1,1
1,32863.46,10200.0,10200.0,1,1,0
1,14000.0,300.0,300.0,1,1,1
1,800000.0,85500.0,28500.0,1,1,1
12,60.0,60.0,60.0,0,0,1
1,120000.0,25000.0,4100.0,1,1,1
3,0.0,8000.0,24500.0,0,1,1
1,800000.0,67065.0,67065.0,1,1,1
22,300000.0,5000.0,2000.0,1,1,1
2,30000.0,238.0,300.0,1,1,1
2,720000.0,72000.0,6500.0,1,1,1
1,1300000.0,29816.66,29816.66,1,0,1
1,940804.0,62176.64,8500.0,1,0,1
4,400.0,0.0,14000.0,1,1,1
1,2000000.0,0.0,37258.0,1,0,1
6,750000.0,85000.0,27000.0,1,1,1
1,802897.0,12688.0,12688.0,1,1,1
2,0.0,48694.89,48359.14,0,0,1
1,48000.0,9650.0,1650.0,1,0,0
1,180000.0,0.0,4500.0,1,0,1
15,11500.0,7200.0,600.0,0,1,0
2,11500.0,7200.0,600.0,0,1,0
2,0.0,0.0,18000.0,0,1,1
1,60000.0,3500.0,2000.0,1,0,0
1,48000.0,2000.0,4600.0,1,0,1
9,2302322.0,26425.5,24000.0,1,1,1
10,1129595.0,7994.48,7050.0,1,1,1
13,2281645.0,52509.0,40160.0,1,0,1
7,0.0,74624.0,75000.0,1,0,1
1,480000.0,31744.0,28200.0,1,1,1
10,95121.12,7926.68,7926.78,0,1,1
18,0.0,0.0,0.0,0,0,1
16,0.0,0.0,0.0,0,0,1
1,252000.0,6950.0,6950.0,1,1,1
1,46000.0,4000.0,4000.0,0,1,1
22,0.0,0.0,0.0,0,0,1
2,3600.0,146.0,300.0,1,1,1
1,0.0,45727.62,39550.0,1,1,1
20,18000.0,500.0,500.0,1,1,1
13,18000.0,36000.0,1500.0,1,1,1
1,9600.0,26785.0,0.0,1,1,1
2,3600.0,300.0,300.0,0,1,1
1,4800.0,400.0,400.0,0,0,1
5,5649722.0,15000.0,15000.0,0,0,1
5,130000.0,0.0,0.0,0,0,1
1,141600.0,11800.0,11800.0,0,0,1
15,50000.0,1800.0,12400.0,1,0,0
1,305160.0,6320.0,6320.0,0,1,1
4,4500000.0,22260.0,21000.0,1,1,1
7,60000.0,9300.0,5000.0,1,1,1
2,0.0,0.0,21000.0,0,0,1
10,0.0,0.0,0.0,0,1,1
9,200000.0,84000.0,7000.0,0,0,0
2,1437.6,119.8,119.8,0,0,1
3,13800.0,4150.0,3000.0,0,1,0
2,10800.0,900.0,900.0,0,0,1
1,9600.0,800.0,800.0,0,0,1
2,30000.0,18000.0,1500.0,0,0,1
6,5000.0,3600.0,3600.0,1,1,1
18,40561.2,600.0,3592.0,0,0,1
13,168000.0,7250.0,1500.0,1,0,1
3,-3000000.0,0.0,0.0,1,0,1
9,12000.0,1000.0,1000.0,0,0,1
1,260000.0,120000.0,10000.0,1,1,1
14,644194.0,626.4,34486.8,1,1,1
22,23000.0,15000.0,26000.0,1,1,1
1,240000.0,9680.0,9680.0,1,1,1
5,25000.0,1200.0,1200.0,1,1,1
3,25000.0,2700.0,2700.0,1,1,1
26,0.0,0.0,0.0,0,0,1
8,30000.0,9.0,500.0,0,1,0
14,94000.0,72000.0,600.0,1,1,1
3,552890.43,26714.34,22236.88,0,0,1
1,300000.0,0.0,3600.0,0,0,1
1,2318854.83,6672.0,5630.0,0,0,1
1,11400.0,5653.0,950.0,1,0,1
2,0.0,0.0,1300.0,0,0,1
1,36000.0,3000.0,2000.0,0,0,1
1,336919.89,600.0,600.0,1,1,1
1,-843683.06,65465.04,70072.02,1,1,1
9,100000.0,48000.0,48000.0,1,1,1
19,0.0,4540.5,4500.0,1,1,1
3,36000.0,114000.0,3000.0,0,0,1
3,0.0,763.88,1000.0,1,1,1
5,20000.0,0.0,0.0,1,1,1
1,3083365.0,40950.0,40950.0,1,1,1
5,12000.0,3000.0,3000.0,1,1,1
1,36000.0,0.0,3000.0,1,1,1
4,32000.0,123000.0,66000.0,1,1,1
4,80000.0,0.0,2500.0,1,1,1
5,0.0,755.46,28070.0,1,1,1
8,20000.0,50000.0,18000.0,0,0,0
1,3000.0,0.0,400.0,0,0,1
2,60000.0,8000.0,6000.0,0,0,1
1,6000.0,0.0,600.0,0,1,1
1,112000.0,15000.0,15000.0,1,1,1
1,66000.0,7000.0,5500.0,1,0,0
2,100000.0,2400.0,2000.0,0,0,0
3,25000.0,31250.0,300.0,0,1,0
1,864.0,14000.0,14000.0,0,0,1
4,0.0,2500.0,2500.0,1,1,1
1,6000.0,500.0,500.0,1,1,1
1,3600.0,0.0,0.0,1,1,1
1,1000000.0,410.0,0.0,1,0,1
2,881154.29,36612.22,33362.22,1,1,1
1,200000.0,20000.0,16400.0,1,1,1
3,300000.0,35000.0,22000.0,1,1,1
5,39828.0,39828.0,3319.0,1,1,1
4,0.0,19200.0,19200.0,1,1,1
6,31000.0,2500.0,2500.0,1,1,1
1,40000.0,3000.0,36000.0,1,1,1
2,250000.0,0.0,18000.0,1,1,1
1,700000.0,0.0,9600.0,1,1,1
10,246000.0,13000.0,7200.0,1,1,1
4,1823259.0,19225.0,15600.0,0,0,1
15,865728.0,14140.0,14140.0,1,1,1
5,1288842.0,45917.29,266.88,1,1,1
1,1307311.0,51749.87,51371.48,1,1,1
2,882661.0,35358.7,35103.24,1,1,1
2,1551813.0,34426.02,34237.85,1,1,1
1,300000.0,300.0,300.0,1,1,1
4,25000.0,33760.0,700.0,1,1,1
2,1408618.0,42049.92,41758.08,1,1,1
24,80000.0,12135.0,18060.0,0,0,1
5,0.0,18372.0,15000.0,1,1,1
2,2022941.0,128400.0,10300.0,1,0,1
1,60000.0,0.0,5000.0,1,1,1
2,161148.0,23674.15,13429.0,1,1,1
1,18000.0,0.0,9600.0,1,1,1
2,376057.35,24185.0,24185.0,1,1,1
19,0.2,15000.0,3000.0,1,1,1
1,280000.0,4500.0,4500.0,1,1,1
2,130583.6,10258.85,10258.85,1,0,1
1,1000.0,3600.0,64.5,1,1,1
1,40000.0,5500.0,1250.0,0,0,0
1,50000.0,25000.0,25000.0,0,1,0
1,300000.0,141600.0,2548.8,1,0,1
1,157200.0,0.0,13100.0,1,1,1
19,44808.0,44808.0,3734.0,1,1,1
1,995340.0,10448.96,11761.5,1,1,1
3,2000.0,3600.0,3600.0,1,1,1
8,33600.0,1800.0,1800.0,1,1,1
2,54000.0,4150.0,4150.0,1,0,0
7,48000.0,4000.0,4000.0,1,1,1
10,16000.0,0.0,1800.0,1,1,1
1,0.0,500.0,500.0,1,1,1
1,1690262.0,42400.93,44684.0,1,1,1
1,6000.0,0.0,550.0,0,0,0
3,21600.0,21600.0,1800.0,1,1,1
8,22000.0,70000.0,54000.0,0,1,1
2,48000.0,0.0,36000.0,1,1,1
15,43000.0,0.0,2000.0,1,0,1
8,400000.0,26810.0,22000.0,1,1,1
7,3260.0,3260.0,3260.0,0,1,1
2,3300.0,3300.0,3300.0,0,1,1
1,86208.0,86208.0,7184.0,1,1,1
2,25000.0,43.2,1200.0,0,1,0
7,512200.0,0.0,43500.0,0,0,1
12,120000.0,6000.0,72000.0,1,0,1
14,0.0,0.0,38800.0,0,0,1
1,29040.0,0.0,2420.0,1,1,1
1,20000.0,4800.0,4800.0,0,0,1
3,336000.0,2000.0,2000.0,1,0,1
5,92000.0,500.0,500.0,1,0,1
6,18000.0,9600.0,9600.0,0,1,1
4,450000.0,48000.0,48000.0,1,0,1
1,7000.0,60.0,1500.0,0,0,1
26,48000.0,6800.0,300.0,1,0,1
5,252000.0,12550.0,750.0,1,0,1
2,168000.0,3000.0,1600.0,1,0,1
1,150000.0,12000.0,12000.0,1,0,1
1,4000.0,300.0,1500.0,1,1,1
2,3600.0,3600.0,3600.0,1,1,1
2,1500000.0,11900.0,11900.0,1,1,1
3,5000.0,6700.0,2600.0,1,1,1
1,0.0,1200.0,12000.0,1,1,1
1,42000.0,4000.0,1400.0,1,1,1
1,700000.0,73200.0,73200.0,0,0,1
10,250000.0,4400.0,4400.0,1,1,1
9,70000.0,2380.0,27600.0,1,1,1
1,20.0,5.0,2600.0,1,1,0
1,0.6,5400.0,500.0,1,1,1
2,60000.0,3000.0,3500.0,1,1,1
4,32400.0,0.0,2700.0,1,1,0
1,46000.0,0.0,4100.0,1,0,1
11,2786476.08,5000.0,70000.0,0,0,1
7,42000.0,2.29,3500.0,1,1,1
2,0.0,14150.0,11200.0,0,0,1
4,43104.0,43104.0,3592.0,0,0,1
1,44808.0,44808.0,3734.0,0,0,1
4,69312.0,69312.0,5776.0,0,0,1
3,41424.0,41424.0,3452.0,0,0,1
2,6018166.0,35134.25,31751.11,1,0,0
2,107412.0,107412.0,8951.0,0,0,1
7,43080.0,43080.0,3590.0,0,0,1
23,3000000.0,71765.0,53717.0,1,0,1
1,1500000.0,40170.0,32500.0,1,1,1
3,500000.0,3000.0,3000.0,1,1,1
2,50000.0,2500.0,2500.0,1,1,1
1,0.0,0.0,35000.0,1,1,1
2,0.0,0.0,0.0,1,0,1
22,60000.0,4000.0,500.0,0,0,0
7,0.0,12000.0,12000.0,0,1,1
6,30000.0,0.0,10800.0,0,1,1
2,269998.0,18900.0,6300.0,1,0,1
1,54000.0,36000.0,36000.0,1,1,1
8,0.0,300.0,300.0,0,0,1
7,9600.0,9600.0,800.0,1,1,1
24,250000.0,12000.0,11000.0,0,1,1
1,880000.0,152248.0,12688.0,1,1,1
6,3000.0,0.0,2500.0,1,1,1
2,1070896.0,0.0,13785.0,1,1,1
24,77621.16,77621.16,6468.43,0,0,1
7,9600.0,0.0,800.0,1,1,1
24,6.3,163.8,700.0,0,1,0
9,44808.0,44808.0,3734.0,0,0,1
2,1959222.0,135548.75,13900.0,1,0,1
3,90000.0,1200.0,1200.0,1,1,1
3,18000.0,3500.0,300.0,1,0,1
9,0.0,0.0,0.0,0,1,1
1,250000.0,6000.0,6000.0,1,1,1
1,20010.0,0.0,1200.0,0,1,1
5,50000.0,40000.0,300.0,0,0,1
1,199582.0,18658.75,7000.0,1,0,1
1,100000.0,0.0,4300.0,1,1,1
1,43200.0,300.0,300.0,1,1,1
2,0.0,14460.0,14460.0,1,1,1
1,30000.0,40000.0,300.0,1,1,1
5,1992973.0,134214.16,25900.0,1,0,1
25,0.0,0.0,0.0,0,1,1
1,0.0,61560.0,0.0,0,0,1
5,0.0,0.0,18000.0,1,1,1
2,294000.0,63877.0,40200.0,0,0,1
1,144000.0,9000.0,8949.0,1,1,1
2,0.0,41289.37,37500.0,1,1,1
24,0.0,0.0,0.0,0,1,1
1,500000.0,8000.0,3500.0,1,1,1
13,0.0,0.0,0.0,0,1,1
3,400.0,925.8,15000.0,1,0,1
1,2500000.0,0.0,35000.0,1,1,1
1,43080.0,43080.0,3590.0,0,0,1
4,0.0,0.0,38800.0,0,0,1
6,2500.0,0.0,2500.0,1,1,1
7,150000.0,4000.0,4000.0,1,0,1
4,11500.0,11502.0,15000.0,0,1,1
13,32000.0,1296.0,7500.0,1,1,1
1,123996.0,0.0,10333.0,1,1,1
5,300000.0,0.0,7571.0,0,1,1
20,120000.0,11130.0,10230.0,0,0,1
2,140400.0,35100.0,11700.0,1,1,1
2,0.0,4200.0,4000.0,1,1,1
1,1282476.0,80250.0,72400.0,0,1,1
1,150000.0,45600.0,45600.0,0,1,0
2,0.0,0.0,32000.0,1,1,1
13,18000.0,36000.0,0.0,1,1,1
4,500000.0,5850.0,5850.0,0,0,1
1,285312.0,1164.0,23776.0,1,1,1
15,213852.55,78840.67,34199.04,1,1,1
3,0.0,11000.0,11000.0,0,0,1
1,1800000.0,38000.0,38000.0,0,1,1
14,262690.0,7200.0,7200.0,1,1,1
5,3600.0,3600.0,3600.0,1,1,1
2,0.0,60177.75,53081.9,1,1,1
1,3000000.0,120000.0,24758.75,1,0,1
1,1064453.87,65337.02,60783.0,0,0,1
1,3438727.82,32141.77,32600.0,0,0,1
5,600000.0,44130.0,43650.0,1,1,1
7,5017197.7,75411.66,49780.26,1,1,1
2,0.0,0.0,10000.0,0,1,1
11,714000.0,16400.0,16400.0,1,1,1
17,0.0,0.0,0.0,0,1,1
1,600000.0,17100.0,11400.0,1,1,1
4,303600.0,25300.0,25300.0,0,0,1
2,200000.0,4006.0,4000.0,1,1,1
1,5000000.0,12000.0,12000.0,1,1,1
11,140000.0,6000.0,500.0,0,1,0
19,50000.0,0.0,2000.0,1,0,1
2,1600000.0,143790.0,500.0,1,1,1
3,200000.0,7100.0,7100.0,1,1,1
11,30000.0,1200.0,1200.0,1,1,1
12,0.0,0.0,0.0,0,1,1
9,5100000.0,51350.0,46000.0,1,1,1
1,1520000.0,18800.0,14800.0,1,1,1
7,240000.0,24000.0,24000.0,1,1,1
8,420000.0,11502.6,11400.0,1,1,1
7,90000.0,1200.0,1200.0,1,1,1
4,257616.0,21468.0,21468.0,0,0,1
16,12000.0,0.0,1000.0,0,0,1
4,690485.0,0.0,20050.0,1,0,1
2,678536.76,148800.0,12400.0,1,1,1
4,9072.0,756.0,756.0,1,1,1
1,0.0,0.0,13219.8,1,1,1
1,0.0,0.0,40950.0,0,1,0
16,216000.0,0.0,10000.0,0,1,1
1,50000.0,15996.0,15996.0,0,0,1
24,360000.0,128511.0,6760.0,0,1,1
7,50000.0,1500.0,19500.0,1,1,1
5,145000.0,9000.0,8949.0,1,0,1
2,0.0,1000.0,1000.0,1,1,1
1,0.0,0.0,9000.0,0,0,1
2,200000.0,38400.0,3200.0,0,1,1
1,17000.0,6000.0,0.0,1,1,1
1,240000.0,810.0,3500.0,0,0,1
1,3600000.0,0.0,52000.0,0,1,1
6,60000.0,2600.0,2600.0,0,0,1
1,0.0,18000.0,18000.0,0,0,1
1,453894.12,84352.48,75107.0,1,1,1
1,50000.0,45000.0,17500.0,1,0,1
3,40000.0,0.0,4400.0,1,1,1
5,200000.0,7100.0,7100.0,1,1,1
3,36000.0,60.0,3000.0,1,1,1
8,276000.0,2268.0,23000.0,1,1,1
1,0.0,50000.0,30000.0,1,1,1
14,96000.0,9650.0,8000.0,1,1,1
1,48000.0,7476.0,1000.0,1,1,1
5,444000.0,12426.0,10926.0,1,1,1
8,0.0,2645.0,0.0,1,1,1
5,186000.0,0.0,45600.0,0,1,0
1,48000.0,21600.0,1800.0,1,1,1
2,45888.0,0.0,7500.0,1,0,1
1,90000.0,2200.0,2200.0,1,1,1
2,0.0,1750.0,1750.0,1,1,1
5,246955.0,16272.0,20000.0,1,0,1
1,194000.0,90000.0,10000.0,1,1,1
2,2801383.0,73710.06,67550.0,0,0,1
2,13400.0,7518.0,2000.0,1,0,1
3,12000.0,1500.0,300.0,1,0,1
1,508580.0,35350.57,27856.33,1,1,1
2,550992.0,45916.0,45916.0,1,1,1
2,2500000.0,0.0,0.0,1,1,1
